K,fold,rseed,flag_anomaly,mu,pi,ELBO,final_it,aucA_train,aucA_test
2,0,10,True,0.08137240923877058,0.03268634535929921,-23424.339552468704,1000,0.7828652000900235,0.7284195628067509
2,1,10,True,0.026509699418914824,0.08742349607411137,-22548.27344323405,1000,0.9187728913104029,0.9176732380731142
2,2,10,True,0.06370585700715514,0.04501658714688143,-23364.42698802623,1000,0.8485721570784167,0.8263428583785117
3,0,10,True,0.017364874290392143,0.09726988342092908,-24429.9884872685,1000,0.8836028208606637,0.8575821538109895
3,1,10,True,0.016695182812298592,0.10922591970247804,-24077.262180725866,1000,0.9032737059525382,0.8916569803115236
3,2,10,True,0.017364375501549196,0.09624478375005802,-24422.632805297297,1000,0.8793196277946804,0.8515425612415061
