algo,constrained,flag_data_T,rseed,K,eta0,beta0,T,eta,eta_aggr,beta,beta_aggr,auc,auc_aggr,loglik,loglik_aggr
DynCRep_temporal,False,0,100,4,0.2,0.2,1,0.0,0,[0.25227355],0,0.7236513732880113,0,[-4492.95929736],0
DynCRep_temporal,False,0,100,4,0.2,0.2,2,0.0734046227566184,0,0.8223495701998867,0,0.8116381943370076,0,-3417.713671168244,0
DynCRep_temporal,False,0,100,4,0.2,0.2,3,0.08530373517076127,0,0.7975903966729587,0,0.8345391508231795,0,-3799.749328849694,0
DynCRep_temporal,False,0,100,4,0.2,0.2,4,0.08641590971247108,0,0.7830497735568601,0,0.8385155736734566,0,-3914.579295446275,0
DynCRep_temporal,False,0,100,4,0.2,0.2,1,0.0,0,[0.25227355],0,0.7236513834939187,0,[-4492.95934983],0
DynCRep_temporal,False,0,100,4,0.2,0.2,2,0.07340462275709526,0,0.8223495702005656,0,0.8116382156028685,0,-3417.713654185889,0
DynCRep_temporal,False,0,100,4,0.2,0.2,3,0.0854058573089786,0,0.7975903614456801,0,0.8338402512490943,0,-3801.968377486439,0
DynCRep_temporal,False,0,100,4,0.2,0.2,4,0.08576129648412846,0,0.7830508474034698,0,0.8372565858881793,0,-3922.9650539787717,0
