K,fold,rseed,eta,auc_train,auc_test,auc_cond_train,auc_cond_test,opt_func_train,opt_func_test,max_it
2,0,10,28.33874665669576,0.40287867778514175,0.41421700420124474,0.89672035222534,0.7863673284668422,-5040.472206846428,-35469.098769538,471
2,1,10,30.031712176741426,0.3325655740700467,0.3334169702270068,0.9150289803757403,0.8200181720815918,-5003.35776924136,-37156.12497945878,431
2,0,10,28.33874757225995,0.40287449684249527,0.41420689747868267,0.8967204469392511,0.7862246621795423,-5040.472217577102,-35469.09385180076,321
2,1,10,30.031712176272084,0.33256588664909503,0.3334501336264449,0.9150293710995507,0.8199523865050644,-5003.35776924165,-37156.12497888249,391
2,0,10,28.33874757225995,0.40287449684249527,0.41420689747868267,0.8967204469392511,0.7862246621795423,-5040.472217577102,-35469.09385180076,321
2,1,10,30.031712175699056,0.3325653005633794,0.33344959240409583,0.9150292148100266,0.8199517505688043,-5003.35776924267,-37156.124978182284,371
